"No","Animal","Tier","Categories","Season","Formula1","Formula1Categories","Formula2","Formula2Categories","Recipe","Acquisition","AltarRequired","Secret","Mythical","SourceTemplate"
"1","Tabby Cat","1","Mammal, Cat, Pet, Small","Any","any Cat","Cat","any Cat","Cat","any Cat + any Cat","Animal Pack / Heart / Pet Store / Animal Shelter / Altar","False","False","False","Template:AnimalListTier1-2"
"2","Tom Cat","1","Mammal, Cat, Pet, Small","Any","any Cat","Cat","any Cat","Cat","any Cat + any Cat","Animal Pack / Heart / Pet Store / Animal Shelter / Altar","False","False","False","Template:AnimalListTier1-2"
"3","Tuxedo Cat","1","Mammal, Cat, Pet, Small","Any","any Cat","Cat","any Cat","Cat","any Cat + any Cat","Animal Pack / Heart / Pet Store / Animal Shelter / Altar","False","False","False","Template:AnimalListTier1-2"
"4","Siamese Cat","1","Mammal, Cat, Pet, Small","Any","any Cat","Cat","any Cat","Cat","any Cat + any Cat","Animal Pack / Heart / Pet Store / Animal Shelter / Altar","False","False","False","Template:AnimalListTier1-2"
"5","Calico","1","Mammal, Cat, Pet, Small","Any","any Cat","Cat","any Cat","Cat","any Cat + any Cat","Animal Pack / Heart / Pet Store / Animal Shelter / Altar","False","False","False","Template:AnimalListTier1-2"
"6","Box Cat","1","Mammal, Cat, Pet, Small","Any","any Cat","Cat","any Cat","Cat","any Cat + any Cat","Animal Pack / Heart / Pet Store / Animal Shelter / Altar","False","False","False","Template:AnimalListTier1-2"
"7","Corgi","1","Mammal, Dog, Pet, Special","Thaw","any Dog","Dog","any Dog","Dog","any Dog + any Dog","Animal Pack / Heart / Pet Store / Animal Shelter / Altar","False","False","False","Template:AnimalListTier1-2"
"8","Alsatian","1","Mammal, Dog, Farm, Pet, Special","Any","any Dog","Dog","any Dog","Dog","any Dog + any Dog","Animal Pack / Heart / Pet Store / Animal Shelter / Altar","False","False","False","Template:AnimalListTier1-2"
"9","Pug","1","Mammal, Dog, Pet, Special","Any","any Dog","Dog","any Dog","Dog","any Dog + any Dog","Animal Pack / Heart / Pet Store / Animal Shelter / Altar","False","False","False","Template:AnimalListTier1-2"
"10","Golden Retriever","1","Mammal, Dog, Farm, Pet, Special","Any","any Dog","Dog","any Dog","Dog","any Dog + any Dog","Animal Pack / Heart / Pet Store / Animal Shelter / Altar","False","False","False","Template:AnimalListTier1-2"
"11","Poodle","1","Mammal, Dog, Pet, Small, Special","Thaw","any Dog","Dog","any Dog","Dog","any Dog + any Dog","Animal Pack / Heart / Pet Store / Animal Shelter / Altar","False","False","False","Template:AnimalListTier1-2"
"12","Chow Chow","1","Mammal, Dog, Pet, Special","Any","any Dog","Dog","any Dog","Dog","any Dog + any Dog","Animal Pack / Heart / Pet Store / Animal Shelter / Altar","False","False","False","Template:AnimalListTier1-2"
"13","Tortoise","1","Reptile, Pet, Small, Herbivore","Any","Snail","Mollusc, Small","Snake","Reptile","Snail + Snake","Animal Pack / Heart / Pet Store / Animal Shelter / Altar","False","False","False","Template:AnimalListTier1-2"
"14","Snail","1","Mollusc, Small","Any","Snake","Reptile","Tortoise","Reptile, Pet, Small, Herbivore","Snake + Tortoise","Animal Pack / Heart / Pet Store / Animal Shelter / Altar","False","False","False","Template:AnimalListTier1-2"
"15","Parrot","1","Bird, Pet, Arboreal","Any","Chicken","Bird, Tasty, Farm, Special, Small","Gummy Bear","Mammal, Bear, Tasty, Mythical, Small","Chicken + Gummy Bear","Animal Pack / Heart / Pet Store / Animal Shelter / Altar","False","False","False","Template:AnimalListTier1-2"
"16","Chameleon","1","Reptile, Arboreal","Any","Tiger","Mammal, Cat, Big Cat, Special, Wild, Carnivore","Toucan","Bird, Arboreal","Tiger + Toucan","Animal Pack / Heart / Pet Store / Animal Shelter / Altar","False","False","False","Template:AnimalListTier1-2"
"17","Octopus","1","Mollusc, Aquatic, Special","Any","Chimpanzee","Mammal, Primate, Wild, Omnivore, Arboreal","Trout","Aquatic, Special, Small","Chimpanzee + Trout","Animal Pack / Heart / Pet Store / Animal Shelter / Altar","False","False","False","Template:AnimalListTier1-2"
"18","Snake","1","Reptile","Any","Chameleon","Reptile, Arboreal","Platypus","Mammal, Aquatic","Chameleon + Platypus","Animal Pack / Heart / Pet Store / Animal Shelter / Altar","False","False","False","Template:AnimalListTier1-2"
"19","Terrier","1","Dog, Special, Mammal","Any","any Dog","Dog","any Dog","Dog","any Dog + any Dog","Animal Pack / Heart / Pet Store / Animal Shelter / Altar","False","False","False","Template:AnimalListTier1-2"
"20","Narwhal","1","Aquatic","Any","Harp Seal","Mammal, Aquatic, Carnivore, Snow","Unicorn","Mammal, Mythical, Special, Strong","Harp Seal + Unicorn","Animal Pack / Heart / Pet Store / Animal Shelter / Altar","False","False","False","Template:AnimalListTier1-2"
"21","Belgian Shepherd","1","Mammal, Dog, Farm, Pet","Any","any Dog","Dog","any Dog","Dog","any Dog + any Dog","Animal Pack / Heart / Pet Store / Animal Shelter / Altar","False","False","False","Template:AnimalListTier1-2"
"22","Pig","2","Mammal, Tasty, Farm, Special","Harvest","Hippopotamus","Mammal, Wild, Herbivore, Strong","Horse","Mammal, Farm, Special, Herbivore, Pet, Fast, Strong","Hippopotamus + Horse","Animal Pack / Heart / Pet Store / Animal Shelter / Altar","False","False","False","Template:AnimalListTier1-2"
"23","Cow","2","Mammal, Tasty, Farm, Special, Herbivore, Strong","Harvest","Horse","Mammal, Farm, Special, Herbivore, Pet, Fast, Strong","Chicken","Bird, Tasty, Farm, Special, Small","Horse + Chicken","Animal Pack / Heart / Pet Store / Animal Shelter / Altar","False","False","False","Template:AnimalListTier1-2"
"24","Bull","2","Mammal, Farm, Special, Herbivore, Strong","Harvest","Cow","Mammal, Tasty, Farm, Special, Herbivore, Strong","Stag","Mammal, Special, Herbivore, Wild","Cow + Stag","Animal Pack / Heart / Pet Store / Animal Shelter / Altar","False","False","False","Template:AnimalListTier1-2"
"25","Horse","2","Mammal, Farm, Special, Herbivore, Pet, Fast, Strong","Harvest","Cow","Mammal, Tasty, Farm, Special, Herbivore, Strong","Cheetah","Mammal, Cat, Big Cat, Wild, Carnivore, Fast","Cow + Cheetah","Animal Pack / Heart / Pet Store / Animal Shelter / Altar","False","False","False","Template:AnimalListTier1-2"
"26","Unicorn","2","Mammal, Mythical, Special, Strong","Frost","Horse","Mammal, Farm, Special, Herbivore, Pet, Fast, Strong","Dodo","Bird, Special","Horse + Dodo","Animal Pack / Heart / Pet Store / Animal Shelter / Altar","False","False","True","Template:AnimalListTier1-2"
"27","Zebra","2","Mammal, Special, Herbivore, Wild, Fast, Strong","Swell","Horse","Mammal, Farm, Special, Herbivore, Pet, Fast, Strong","Panda","Mammal, Wild, Strong","Horse + Panda","Animal Pack / Heart / Pet Store / Animal Shelter / Altar","False","False","False","Template:AnimalListTier1-2"
"28","Donkey","2","Mammal, Farm, Herbivore, Strong","Harvest","Horse","Mammal, Farm, Special, Herbivore, Pet, Fast, Strong","Pig","Mammal, Tasty, Farm, Special","Horse + Pig","Animal Pack / Heart / Pet Store / Animal Shelter / Altar","False","False","False","Template:AnimalListTier1-2"
"29","Camel","2","Mammal, Special, Wild, Herbivore, Fast, Strong","Swell","Llama","Mammal, Special, Herbivore, Strong","Llama","Mammal, Special, Herbivore, Strong","Llama + Llama","Animal Pack / Heart / Pet Store / Animal Shelter / Altar","False","False","False","Template:AnimalListTier1-2"
"30","Mousedeer","2","Mammal, Wild, Herbivore","Thaw","Mouse","Mammal, Pet, Small","Moose","Mammal, Wild, Herbivore, Snow","Mouse + Moose","Animal Pack / Heart / Pet Store / Animal Shelter / Altar","False","False","False","Template:AnimalListTier1-2"
"31","Llama","2","Mammal, Special, Herbivore, Strong","Thaw","Donkey","Mammal, Farm, Herbivore, Strong","Donkey","Mammal, Farm, Herbivore, Strong","Donkey + Donkey","Animal Pack / Heart / Pet Store / Animal Shelter / Altar","False","False","False","Template:AnimalListTier1-2"
"32","Moose","2","Mammal, Wild, Herbivore, Snow","Frost","Horse","Mammal, Farm, Special, Herbivore, Pet, Fast, Strong","Goat","Mammal, Farm, Tasty, Herbivore","Horse + Goat","Animal Pack / Heart / Pet Store / Animal Shelter / Altar","False","False","False","Template:AnimalListTier1-2"
"33","Hippopotamus","2","Mammal, Wild, Herbivore, Strong","Swell","Cow","Mammal, Tasty, Farm, Special, Herbivore, Strong","Walrus","Mammal, Aquatic, Special, Snow, Strong","Cow + Walrus","Animal Pack / Heart / Pet Store / Animal Shelter / Altar","False","False","False","Template:AnimalListTier1-2"
"34","Chicken","2","Bird, Tasty, Farm, Special, Small","Harvest","Parrot","Bird, Pet, Arboreal","Pig","Mammal, Tasty, Farm, Special","Parrot + Pig","Animal Pack / Heart / Pet Store / Animal Shelter / Altar","False","False","False","Template:AnimalListTier1-2"
"35","Duck","2","Bird, Tasty, Farm, Special, Small","Swell","Chicken","Bird, Tasty, Farm, Special, Small","Flamingo","Bird","Chicken + Flamingo","Animal Pack / Heart / Pet Store / Animal Shelter / Altar","False","False","False","Template:AnimalListTier1-2"
"36","Rabbit","2","Mammal, Farm, Special, Small, Pet, Fast","Swell","Mouse","Mammal, Pet, Small","Cheetah","Mammal, Cat, Big Cat, Wild, Carnivore, Fast","Mouse + Cheetah","Animal Pack / Heart / Pet Store / Animal Shelter / Altar","False","False","False","Template:AnimalListTier1-2"
"37","Elephant","2","Mammal, Wild, Herbivore, Strong","Swell","Cow","Mammal, Tasty, Farm, Special, Herbivore, Strong","Cow","Mammal, Tasty, Farm, Special, Herbivore, Strong","Cow + Cow","Animal Pack / Heart / Pet Store / Animal Shelter / Altar","False","False","False","Template:AnimalListTier1-2"
"38","Tiger","2","Mammal, Cat, Big Cat, Special, Wild, Carnivore","Swell","Zebra","Mammal, Special, Herbivore, Wild, Fast, Strong","Tabby Cat","Mammal, Cat, Pet, Small","Zebra + Tabby Cat","Animal Pack / Heart / Pet Store / Animal Shelter / Altar","False","False","False","Template:AnimalListTier1-2"
"39","Lion","2","Mammal, Cat, Big Cat, Special, Wild, Carnivore, Fast","Swell","Tiger","Mammal, Cat, Big Cat, Special, Wild, Carnivore","Tiger","Mammal, Cat, Big Cat, Special, Wild, Carnivore","Tiger + Tiger","Animal Pack / Heart / Pet Store / Animal Shelter / Altar","False","False","False","Template:AnimalListTier1-2"
"40","Panther","2","Mammal, Cat, Big Cat, Wild, Carnivore, Arboreal","Swell","Bat","Mammal, Special, Small","Tiger","Mammal, Cat, Big Cat, Special, Wild, Carnivore","Bat + Tiger","Animal Pack / Heart / Pet Store / Animal Shelter / Altar","False","False","False","Template:AnimalListTier1-2"
"41","Cheetah","2","Mammal, Cat, Big Cat, Wild, Carnivore, Fast","Swell","Tiger","Mammal, Cat, Big Cat, Special, Wild, Carnivore","Horse","Mammal, Farm, Special, Herbivore, Pet, Fast, Strong","Tiger + Horse","Animal Pack / Heart / Pet Store / Animal Shelter / Altar","False","False","False","Template:AnimalListTier1-2"
"42","Giraffe","2","Mammal, Wild, Herbivore, Fast","Swell","Horse","Mammal, Farm, Special, Herbivore, Pet, Fast, Strong","Snake","Reptile","Horse + Snake","Animal Pack / Heart / Pet Store / Animal Shelter / Altar","False","False","False","Template:AnimalListTier1-2"
"43","Rhinoceros","2","Mammal, Wild, Herbivore, Strong","Swell","Hippopotamus","Mammal, Wild, Herbivore, Strong","Unicorn","Mammal, Mythical, Special, Strong","Hippopotamus + Unicorn","Animal Pack / Heart / Pet Store / Animal Shelter / Altar","False","False","False","Template:AnimalListTier1-2"
"44","Harp Seal","2","Mammal, Aquatic, Carnivore, Snow","Frost","Sea Lion","Mammal, Aquatic","Poodle","Mammal, Dog, Pet, Small, Special","Sea Lion + Poodle","Animal Pack / Heart / Pet Store / Animal Shelter / Altar","False","False","False","Template:AnimalListTier1-2"
"45","Walrus","2","Mammal, Aquatic, Special, Snow, Strong","Frost","Sea Lion","Mammal, Aquatic","Pug","Mammal, Dog, Pet, Special","Sea Lion + Pug","Animal Pack / Heart / Pet Store / Animal Shelter / Altar","False","False","False","Template:AnimalListTier1-2"
"46","Panda","2","Mammal, Wild, Strong","Thaw","Zebra","Mammal, Special, Herbivore, Wild, Fast, Strong","Brown Bear","Mammal, Bear, Wild, Omnivore, Strong","Zebra + Brown Bear","Animal Pack / Heart / Pet Store / Animal Shelter / Altar","False","False","False","Template:AnimalListTier1-2"
"47","Polar Bear","2","Mammal, Bear, Wild, Carnivore, Snow","Frost","Brown Bear","Mammal, Bear, Wild, Omnivore, Strong","Harp Seal","Mammal, Aquatic, Carnivore, Snow","Brown Bear + Harp Seal","Animal Pack / Heart / Pet Store / Animal Shelter / Altar","False","False","False","Template:AnimalListTier1-2"
"48","Brown Bear","2","Mammal, Bear, Wild, Omnivore, Strong","Thaw","Wolf","Mammal, Special, Wild, Carnivore, Snow","Bull","Mammal, Farm, Special, Herbivore, Strong","Wolf + Bull","Animal Pack / Heart / Pet Store / Animal Shelter / Altar","False","False","False","Template:AnimalListTier1-2"
"49","Sun Bear","2","Mammal, Bear, Wild, Omnivore","Swell","Brown Bear","Mammal, Bear, Wild, Omnivore, Strong","Camel","Mammal, Special, Wild, Herbivore, Fast, Strong","Brown Bear + Camel","Animal Pack / Heart / Pet Store / Animal Shelter / Altar","False","False","False","Template:AnimalListTier1-2"
"50","Koala","2","Mammal, Wild, Omnivore","Thaw","Brown Bear","Mammal, Bear, Wild, Omnivore, Strong","Squirrel","Mammal, Arboreal","Brown Bear + Squirrel","Animal Pack / Heart / Pet Store / Animal Shelter / Altar","False","False","False","Template:AnimalListTier1-2"
"51","Gummy Bear","2","Mammal, Bear, Tasty, Mythical, Small","Harvest","Brown Bear","Mammal, Bear, Wild, Omnivore, Strong","Unicorn","Mammal, Mythical, Special, Strong","Brown Bear + Unicorn","Animal Pack / Heart / Pet Store / Animal Shelter / Altar","False","False","True","Template:AnimalListTier1-2"
"52","Fox","2","Mammal, Wild, Carnivore","Thaw","Wolf","Mammal, Special, Wild, Carnivore, Snow","Chow Chow","Mammal, Dog, Pet, Special","Wolf + Chow Chow","Animal Pack / Heart / Pet Store / Animal Shelter / Altar","False","False","False","Template:AnimalListTier1-2"
"53","Wolf","2","Mammal, Special, Wild, Carnivore, Snow","Frost","Stag","Mammal, Special, Herbivore, Wild","Dragon","Reptile, Mythical, Special, Carnivore","Stag + Dragon","Animal Pack / Heart / Pet Store / Animal Shelter / Altar","False","False","False","Template:AnimalListTier1-2"
"54","Orangutan","2","Mammal, Primate, Wild, Omnivore, Arboreal","Swell","Brown Bear","Mammal, Bear, Wild, Omnivore, Strong","Octopus","Mollusc, Aquatic, Special","Brown Bear + Octopus","Animal Pack / Heart / Pet Store / Animal Shelter / Altar","False","False","False","Template:AnimalListTier1-2"
"55","Gorilla","2","Mammal, Primate, Wild, Omnivore, Arboreal, Strong","Swell","Chimpanzee","Mammal, Primate, Wild, Omnivore, Arboreal","Elephant","Mammal, Wild, Herbivore, Strong","Chimpanzee + Elephant","Animal Pack / Heart / Pet Store / Animal Shelter / Altar","False","False","False","Template:AnimalListTier1-2"
"56","Chimpanzee","2","Mammal, Primate, Wild, Omnivore, Arboreal","Swell","Orangutan","Mammal, Primate, Wild, Omnivore, Arboreal","Octopus","Mollusc, Aquatic, Special","Orangutan + Octopus","Animal Pack / Heart / Pet Store / Animal Shelter / Altar","False","False","False","Template:AnimalListTier1-2"
"57","Penguin","2","Bird, Aquatic, Snow","Frost","Toucan","Bird, Arboreal","Polar Bear","Mammal, Bear, Wild, Carnivore, Snow","Toucan + Polar Bear","Animal Pack / Heart / Pet Store / Animal Shelter / Altar","False","False","False","Template:AnimalListTier1-2"
"58","Blue Whale","2","Mammal, Aquatic, Wild, Snow, Special","Frost","Elephant","Mammal, Wild, Herbivore, Strong","Elephant","Mammal, Wild, Herbivore, Strong","Elephant + Elephant","Animal Pack / Heart / Pet Store / Animal Shelter / Altar","False","False","False","Template:AnimalListTier1-2"
"59","Orca","2","Mammal, Aquatic, Wild, Snow, Carnivore","Frost","Blue Whale","Mammal, Aquatic, Wild, Snow, Special","Panda","Mammal, Wild, Strong","Blue Whale + Panda","Animal Pack / Heart / Pet Store / Animal Shelter / Altar","False","False","False","Template:AnimalListTier1-2"
"60","Owl","2","Bird, Small, Arboreal, Snow","Thaw","Chicken","Bird, Tasty, Farm, Special, Small","Bat","Mammal, Special, Small","Chicken + Bat","Animal Pack / Heart / Pet Store / Animal Shelter / Altar","False","False","False","Template:AnimalListTier1-2"
"61","Macaw","2","Bird, Pet, Arboreal","Swell","Parrot","Bird, Pet, Arboreal","Parrot","Bird, Pet, Arboreal","Parrot + Parrot","Animal Pack / Heart / Pet Store / Animal Shelter / Altar","False","False","False","Template:AnimalListTier1-2"
"62","Toucan","2","Bird, Arboreal","Swell","Parrot","Bird, Pet, Arboreal","Rhinoceros","Mammal, Wild, Herbivore, Strong","Parrot + Rhinoceros","Animal Pack / Heart / Pet Store / Animal Shelter / Altar","False","False","False","Template:AnimalListTier1-2"
"63","Eagle","2","Bird, Special, Fast","Thaw","Lion","Mammal, Cat, Big Cat, Special, Wild, Carnivore, Fast","Parrot","Bird, Pet, Arboreal","Lion + Parrot","Animal Pack / Heart / Pet Store / Animal Shelter / Altar","False","False","False","Template:AnimalListTier1-2"
"64","Raccoon","2","Mammal, Omnivore","Thaw","Zebra","Mammal, Special, Herbivore, Wild, Fast, Strong","Red Panda","Mammal, Arboreal","Zebra + Red Panda","Animal Pack / Heart / Pet Store / Animal Shelter / Altar","False","False","False","Template:AnimalListTier1-2"
"65","Red Panda","2","Mammal, Arboreal","Thaw","Panda","Mammal, Wild, Strong","Fox","Mammal, Wild, Carnivore","Panda + Fox","Animal Pack / Heart / Pet Store / Animal Shelter / Altar","False","False","False","Template:AnimalListTier1-2"
"66","Goat","2","Mammal, Farm, Tasty, Herbivore","Harvest","Donkey","Mammal, Farm, Herbivore, Strong","Horse","Mammal, Farm, Special, Herbivore, Pet, Fast, Strong","Donkey + Horse","Animal Pack / Heart / Pet Store / Animal Shelter / Altar","False","False","False","Template:AnimalListTier1-2"
"67","Sheep","2","Mammal, Farm, Tasty, Herbivore","Harvest","Goat","Mammal, Farm, Tasty, Herbivore","Poodle","Mammal, Dog, Pet, Small, Special","Goat + Poodle","Animal Pack / Heart / Pet Store / Animal Shelter / Altar","False","False","False","Template:AnimalListTier1-2"
"68","Mouse","2","Mammal, Pet, Small","Harvest","Chicken","Bird, Tasty, Farm, Special, Small","Elephant","Mammal, Wild, Herbivore, Strong","Chicken + Elephant","Animal Pack / Heart / Pet Store / Animal Shelter / Altar","False","False","False","Template:AnimalListTier1-2"
"69","Spider","2","Insect, Small, Arboreal","Harvest","Snake","Reptile","Mouse","Mammal, Pet, Small","Snake + Mouse","Animal Pack / Heart / Pet Store / Animal Shelter / Altar","False","False","False","Template:AnimalListTier1-2"
"70","Bat","2","Mammal, Special, Small","Harvest","Owl","Bird, Small, Arboreal, Snow","Mouse","Mammal, Pet, Small","Owl + Mouse","Animal Pack / Heart / Pet Store / Animal Shelter / Altar","False","False","False","Template:AnimalListTier1-2"
"71","Dodo","2","Bird, Special","Frost","Chicken","Bird, Tasty, Farm, Special, Small","Unicorn","Mammal, Mythical, Special, Strong","Chicken + Unicorn","Animal Pack / Heart / Pet Store / Animal Shelter / Altar","False","False","False","Template:AnimalListTier1-2"
"72","Dragon","2","Reptile, Mythical, Special, Carnivore","Frost","Unicorn","Mammal, Mythical, Special, Strong","Snake","Reptile","Unicorn + Snake","Animal Pack / Heart / Pet Store / Animal Shelter / Altar","False","False","True","Template:AnimalListTier1-2"
"73","Stag","2","Mammal, Special, Herbivore, Wild","Frost","Moose","Mammal, Wild, Herbivore, Snow","Bull","Mammal, Farm, Special, Herbivore, Strong","Moose + Bull","Animal Pack / Heart / Pet Store / Animal Shelter / Altar","False","False","False","Template:AnimalListTier1-2"
"74","Trout","2","Aquatic, Special, Small","Harvest","Mouse","Mammal, Pet, Small","Blue Whale","Mammal, Aquatic, Wild, Snow, Special","Mouse + Blue Whale","Animal Pack / Heart / Pet Store / Animal Shelter / Altar","False","False","False","Template:AnimalListTier1-2"
"75","Turkey","2","Bird, Farm, Tasty","Harvest","Chicken","Bird, Tasty, Farm, Special, Small","Pig","Mammal, Tasty, Farm, Special","Chicken + Pig","Animal Pack / Heart / Pet Store / Animal Shelter / Altar","False","False","False","Template:AnimalListTier1-2"
"76","Squirrel","2","Mammal, Arboreal","Thaw","Mouse","Mammal, Pet, Small","Fox","Mammal, Wild, Carnivore","Mouse + Fox","Animal Pack / Heart / Pet Store / Animal Shelter / Altar","False","False","False","Template:AnimalListTier1-2"
"77","Flamingo","2","Bird","Swell","Duck","Bird, Tasty, Farm, Special, Small","Fox","Mammal, Wild, Carnivore","Duck + Fox","Animal Pack / Heart / Pet Store / Animal Shelter / Altar","False","False","False","Template:AnimalListTier1-2"
"78","Otter","2","Mammal, Aquatic","Frost","Trout","Aquatic, Special, Small","Squirrel","Mammal, Arboreal","Trout + Squirrel","Animal Pack / Heart / Pet Store / Animal Shelter / Altar","False","False","False","Template:AnimalListTier1-2"
"79","Sea Lion","2","Mammal, Aquatic","Frost","Lion","Mammal, Cat, Big Cat, Special, Wild, Carnivore, Fast","Otter","Mammal, Aquatic","Lion + Otter","Animal Pack / Heart / Pet Store / Animal Shelter / Altar","False","False","False","Template:AnimalListTier1-2"
"80","Hyena","2","Mammal, Wild, Carnivore, Scavenger","Swell","Lion","Mammal, Cat, Big Cat, Special, Wild, Carnivore, Fast","Wolf","Mammal, Special, Wild, Carnivore, Snow","Lion + Wolf","Animal Pack / Heart / Pet Store / Animal Shelter / Altar","False","False","False","Template:AnimalListTier1-2"
"81","Crocodile","2","Reptile, Wild, Carnivore","Swell","Snake","Reptile","Chameleon","Reptile, Arboreal","Snake + Chameleon","Animal Pack / Heart / Pet Store / Animal Shelter / Altar","False","False","False","Template:AnimalListTier1-2"
"82","Platypus","2","Mammal, Aquatic","Thaw","Duck","Bird, Tasty, Farm, Special, Small","Eurasian Beaver","Mammal, Aquatic, Special","Duck + Eurasian Beaver","Animal Pack / Heart / Pet Store / Animal Shelter / Altar","False","False","False","Template:AnimalListTier1-2"
"83","Fearful Owl","2","Bird, Small, Special, Arboreal","Harvest","Owl","Bird, Small, Arboreal, Snow","Panther","Mammal, Cat, Big Cat, Wild, Carnivore, Arboreal","Owl + Panther","Animal Pack / Heart / Pet Store / Animal Shelter / Altar","False","False","False","Template:AnimalListTier1-2"
"84","Black Mare","2","Mammal, Special, Herbivore, Fast, Strong","Harvest","Horse","Mammal, Farm, Special, Herbivore, Pet, Fast, Strong","Panther","Mammal, Cat, Big Cat, Wild, Carnivore, Arboreal","Horse + Panther","Animal Pack / Heart / Pet Store / Animal Shelter / Altar","False","False","False","Template:AnimalListTier1-2"
"85","Raven","2","Bird, Small, Special, Arboreal, Fast","Harvest","Toucan","Bird, Arboreal","Bat","Mammal, Special, Small","Toucan + Bat","Animal Pack / Heart / Pet Store / Animal Shelter / Altar","False","False","False","Template:AnimalListTier1-2"
"86","Black Spider","2","Insect, Small, Special, Arboreal","Harvest","Spider","Insect, Small, Arboreal","Bat","Mammal, Special, Small","Spider + Bat","Animal Pack / Heart / Pet Store / Animal Shelter / Altar","False","False","False","Template:AnimalListTier1-2"
"87","Chocolate Rabbit","2","Mammal, Farm, Special, Small, Pet, Fast","Thaw","Rabbit","Mammal, Farm, Special, Small, Pet, Fast","Gummy Bear","Mammal, Bear, Tasty, Mythical, Small","Rabbit + Gummy Bear","Animal Pack / Heart / Pet Store / Animal Shelter / Altar","False","False","False","Template:AnimalListTier1-2"
"88","Mule Deer","2","Mammal, Wild, Herbivore, Special","Thaw","Donkey","Mammal, Farm, Herbivore, Strong","Mousedeer","Mammal, Wild, Herbivore","Donkey + Mousedeer","Animal Pack / Heart / Pet Store / Animal Shelter / Altar","False","False","False","Template:AnimalListTier1-2"
"89","Golden Goose","2","Bird, Special, Small","Thaw","Donkey","Mammal, Farm, Herbivore, Strong","Duck","Bird, Tasty, Farm, Special, Small","Donkey + Duck","Animal Pack / Heart / Pet Store / Animal Shelter / Altar","False","False","False","Template:AnimalListTier1-2"
"90","White Bass","2","Aquatic, Special, Small","Thaw","Harp Seal","Mammal, Aquatic, Carnivore, Snow","Trout","Aquatic, Special, Small","Harp Seal + Trout","Animal Pack / Heart / Pet Store / Animal Shelter / Altar","False","False","False","Template:AnimalListTier1-2"
"91","Mute Swan","2","Bird, Special","Swell","Lovebird","Bird, Small, Special, Arboreal, Fast","Duck","Bird, Tasty, Farm, Special, Small","Lovebird + Duck","Animal Pack / Heart / Pet Store / Animal Shelter / Altar","False","False","False","Template:AnimalListTier1-2"
"92","Lovebird","2","Bird, Small, Special, Arboreal, Fast","Swell","Parrot","Bird, Pet, Arboreal","Flamingo","Bird","Parrot + Flamingo","Animal Pack / Heart / Pet Store / Animal Shelter / Altar","False","False","False","Template:AnimalListTier1-2"
"93","Eurasian Beaver","2","Mammal, Aquatic, Special","Swell","Mouse","Mammal, Pet, Small","Platypus","Mammal, Aquatic","Mouse + Platypus","Animal Pack / Heart / Pet Store / Animal Shelter / Altar","False","False","False","Template:AnimalListTier1-2"
"94","French Angelfish","2","Aquatic, Special, Small","Swell","White Bass","Aquatic, Special, Small","Mute Swan","Bird, Special","White Bass + Mute Swan","Animal Pack / Heart / Pet Store / Animal Shelter / Altar","False","False","False","Template:AnimalListTier1-2"
"95","Arctic Fox","2","Mammal, Wild, Carnivore, Special, Snow","Frost","Fox","Mammal, Wild, Carnivore","Polar Bear","Mammal, Bear, Wild, Carnivore, Snow","Fox + Polar Bear","Animal Pack / Heart / Pet Store / Animal Shelter / Altar","False","False","False","Template:AnimalListTier1-2"
"96","Beluga Whale","2","Mammal, Aquatic, Wild, Snow, Special","Frost","Blue Whale","Mammal, Aquatic, Wild, Snow, Special","Polar Bear","Mammal, Bear, Wild, Carnivore, Snow","Blue Whale + Polar Bear","Animal Pack / Heart / Pet Store / Animal Shelter / Altar","False","False","False","Template:AnimalListTier1-2"
"97","Chinstrap Penguin","2","Bird, Aquatic, Snow","Frost","Penguin","Bird, Aquatic, Snow","Penguin","Bird, Aquatic, Snow","Penguin + Penguin","Animal Pack / Heart / Pet Store / Animal Shelter / Altar","False","False","False","Template:AnimalListTier1-2"
"98","Reindeer","2","Mammal, Special, Herbivore, Wild, Snow","Frost","Moose","Mammal, Wild, Herbivore, Snow","Moose","Mammal, Wild, Herbivore, Snow","Moose + Moose","Animal Pack / Heart / Pet Store / Animal Shelter / Altar","False","False","False","Template:AnimalListTier1-2"
"99","Pegasus","3","Mythical, Secret","","Horse","Mammal, Farm, Special, Herbivore, Pet, Fast, Strong","Eagle","Bird, Special, Fast","Horse + Eagle","Altar only","True","True","True","Template:AnimalListTier3-6"
"100","Gryphon","3","Mythical, Secret","","Lion","Mammal, Cat, Big Cat, Special, Wild, Carnivore, Fast","Eagle","Bird, Special, Fast","Lion + Eagle","Altar only","True","True","True","Template:AnimalListTier3-6"
"101","Phoenix","3","Mythical, Secret, Bird","","Dragon","Reptile, Mythical, Special, Carnivore","Flamingo","Bird","Dragon + Flamingo","Altar only","True","True","True","Template:AnimalListTier3-6"
"102","Hydra","3","Mythical, Secret","","Snake","Reptile","Cerberus","Mythical, Secret","Snake + Cerberus","Altar only","True","True","True","Template:AnimalListTier3-6"
"103","Cerberus","3","Mythical, Secret","","Direwolf","Carnivore, Extinct, Secret, Snow","Wolf","Mammal, Special, Wild, Carnivore, Snow","Direwolf + Wolf","Altar only","True","True","True","Template:AnimalListTier3-6"
"104","Oriental Dragon","3","Mythical, Secret","","Dragon","Reptile, Mythical, Special, Carnivore","Panda","Mammal, Wild, Strong","Dragon + Panda","Altar only","True","True","True","Template:AnimalListTier3-6"
"105","Loch Ness Monster","3","Mythical, Secret","","Orca","Mammal, Aquatic, Wild, Snow, Carnivore","Snake","Reptile","Orca + Snake","Altar only","True","True","True","Template:AnimalListTier3-6"
"106","Yeti","3","Mythical, Secret","","Polar Bear","Mammal, Bear, Wild, Carnivore, Snow","Gorilla","Mammal, Primate, Wild, Omnivore, Arboreal, Strong","Polar Bear + Gorilla","Altar only","True","True","True","Template:AnimalListTier3-6"
"107","Drop Bear","3","Mythical, Secret, Arboreal","","Koala","Mammal, Wild, Omnivore","Red Panda","Mammal, Arboreal","Koala + Red Panda","Altar only","True","True","True","Template:AnimalListTier3-6"
"108","Merlion","3","Mythical, Secret, Aquatic","","Trout","Aquatic, Special, Small","Lion","Mammal, Cat, Big Cat, Special, Wild, Carnivore, Fast","Trout + Lion","Altar only","True","True","True","Template:AnimalListTier3-6"
"109","Rocket Cat","3","Mythical, Secret, Cat","","Tom Cat","Mammal, Cat, Pet, Small","Oriental Dragon","Mythical, Secret","Tom Cat + Oriental Dragon","Altar only","True","True","True","Template:AnimalListTier3-6"
"110","Cthulu","3","Mythical, Aquatic, Secret","","Octopus","Mollusc, Aquatic, Special","Dragon","Reptile, Mythical, Special, Carnivore","Octopus + Dragon","Altar only","True","True","True","Template:AnimalListTier3-6"
"111","Sabertooth","3","Carnivore, Extinct, Secret","","Tiger","Mammal, Cat, Big Cat, Special, Wild, Carnivore","Elephant","Mammal, Wild, Herbivore, Strong","Tiger + Elephant","Altar only","True","True","False","Template:AnimalListTier3-6"
"112","Direwolf","3","Carnivore, Extinct, Secret, Snow","","Wolf","Mammal, Special, Wild, Carnivore, Snow","Tiger","Mammal, Cat, Big Cat, Special, Wild, Carnivore","Wolf + Tiger","Altar only","True","True","False","Template:AnimalListTier3-6"
"113","Sphinx","3","Mythical, Secret","","Lion","Mammal, Cat, Big Cat, Special, Wild, Carnivore, Fast","Chimpanzee","Mammal, Primate, Wild, Omnivore, Arboreal","Lion + Chimpanzee","Altar only","True","True","True","Template:AnimalListTier3-6"
"114","Wooly Mammoth","3","Extinct, Secret","","Elephant","Mammal, Wild, Herbivore, Strong","Sheep","Mammal, Farm, Tasty, Herbivore","Elephant + Sheep","Altar only","True","True","False","Template:AnimalListTier3-6"
"115","Chimera","3","Mythical, Secret","","Lion","Mammal, Cat, Big Cat, Special, Wild, Carnivore, Fast","Goat","Mammal, Farm, Tasty, Herbivore","Lion + Goat","Altar only","True","True","True","Template:AnimalListTier3-6"
"116","Chupacabra","3","Mythical, Secret","","Panther","Mammal, Cat, Big Cat, Wild, Carnivore, Arboreal","Crocodile","Reptile, Wild, Carnivore","Panther + Crocodile","Altar only","True","True","True","Template:AnimalListTier3-6"
"117","Hippogryph","3","Mythical, Secret","","Goat","Mammal, Farm, Tasty, Herbivore","Eagle","Bird, Special, Fast","Goat + Eagle","Altar only","True","True","True","Template:AnimalListTier3-6"
"118","Peacock","3","Bird, Wild, Fast","","Macaw","Bird, Pet, Arboreal","Flamingo","Bird","Macaw + Flamingo","Altar only","True","False","False","Template:AnimalListTier3-6"
"119","Gecko","3","Reptile, Arboreal","","Crocodile","Reptile, Wild, Carnivore","Chameleon","Reptile, Arboreal","Crocodile + Chameleon","Altar only","True","False","False","Template:AnimalListTier3-6"
"120","Porcupine","3","Mammal, Wild, Herbivore","","Raccoon","Mammal, Omnivore","Tortoise","Reptile, Pet, Small, Herbivore","Raccoon + Tortoise","Altar only","True","False","False","Template:AnimalListTier3-6"
"121","Carp","3","Aquatic, Small","","Trout","Aquatic, Special, Small","Macaw","Bird, Pet, Arboreal","Trout + Macaw","Altar only","True","False","False","Template:AnimalListTier3-6"
"122","Pangolin","3","Mammal, Wild","","Tortoise","Reptile, Pet, Small, Herbivore","Squirrel","Mammal, Arboreal","Tortoise + Squirrel","Altar only","True","False","False","Template:AnimalListTier3-6"
"123","Buffalo","3","Mammal, Farm, Herbivore, Strong","","Bull","Mammal, Farm, Special, Herbivore, Strong","Brown Bear","Mammal, Bear, Wild, Omnivore, Strong","Bull + Brown Bear","Altar only","True","False","False","Template:AnimalListTier3-6"
"124","Snakehead Fish","3","Aquatic, Carnivore","","Trout","Aquatic, Special, Small","Snake","Reptile","Trout + Snake","Altar only","True","False","False","Template:AnimalListTier3-6"
"125","Weasel","3","Mammal, Wild, Arboreal, Fast","","Squirrel","Mammal, Arboreal","Snake","Reptile","Squirrel + Snake","Altar only","True","False","False","Template:AnimalListTier3-6"
"126","Ant","3","Insect, Small","","Spider","Insect, Small, Arboreal","Stag","Mammal, Special, Herbivore, Wild","Spider + Stag","Altar only","True","False","False","Template:AnimalListTier3-6"
"127","Mole","3","Small, Wild","","Ant","Insect, Small","Squirrel","Mammal, Arboreal","Ant + Squirrel","Altar only","True","False","False","Template:AnimalListTier3-6"
"128","Rattlesnake","3","Reptile","","Snake","Reptile","Spider","Insect, Small, Arboreal","Snake + Spider","Altar only","True","False","False","Template:AnimalListTier3-6"
"129","Spider Monkey","3","Mammal, Primate, Wild, Omnivore, Arboreal","","Spider","Insect, Small, Arboreal","Chimpanzee","Mammal, Primate, Wild, Omnivore, Arboreal","Spider + Chimpanzee","Altar only","True","False","False","Template:AnimalListTier3-6"
"130","Ostrich","3","Bird, Wild","","Turkey","Bird, Farm, Tasty","Cheetah","Mammal, Cat, Big Cat, Wild, Carnivore, Fast","Turkey + Cheetah","Altar only","True","False","False","Template:AnimalListTier3-6"
"131","Tasmanian Devil","3","Mammal, Carnivore, Wild, Small","","Hyena","Mammal, Wild, Carnivore, Scavenger","Koala","Mammal, Wild, Omnivore","Hyena + Koala","Altar only","True","False","False","Template:AnimalListTier3-6"
"132","Lar Gibbon","3","Mammal, Primate, Wild, Omnivore, Arboreal","","Gorilla","Mammal, Primate, Wild, Omnivore, Arboreal, Strong","Red Panda","Mammal, Arboreal","Gorilla + Red Panda","Altar only","True","False","False","Template:AnimalListTier3-6"
"133","Three Toed Sloth","3","Mammal, Herbivore","","Snail","Mollusc, Small","Koala","Mammal, Wild, Omnivore","Snail + Koala","Altar only","True","False","False","Template:AnimalListTier3-6"
"134","Pigeon","3","Bird, Small","","Mouse","Mammal, Pet, Small","Parrot","Bird, Pet, Arboreal","Mouse + Parrot","Altar only","True","False","False","Template:AnimalListTier3-6"
"135","Black Rhinoceros","3","Extinct, Mammal, Wild, Herbivore, Strong","","Rhinoceros","Mammal, Wild, Herbivore, Strong","Black Mare","Mammal, Special, Herbivore, Fast, Strong","Rhinoceros + Black Mare","Altar only","True","False","False","Template:AnimalListTier3-6"
"136","Flying Fox","3","Mammal, Wild, Small","","Squirrel","Mammal, Arboreal","Bat","Mammal, Special, Small","Squirrel + Bat","Altar only","True","False","False","Template:AnimalListTier3-6"
"137","Sperm Whale","3","Mammal, Aquatic, Wild","","Orca","Mammal, Aquatic, Wild, Snow, Carnivore","Bull","Mammal, Farm, Special, Herbivore, Strong","Orca + Bull","Altar only","True","False","False","Template:AnimalListTier3-6"
"138","Humpback Whale","3","Mammal, Aquatic, Wild","","Dolphin","Mammal, Aquatic, Wild, Carnivore","Blue Whale","Mammal, Aquatic, Wild, Snow, Special","Dolphin + Blue Whale","Altar only","True","False","False","Template:AnimalListTier3-6"
"139","Puffin","3","Bird, Small, Wild","","Penguin","Bird, Aquatic, Snow","Toucan","Bird, Arboreal","Penguin + Toucan","Altar only","True","False","False","Template:AnimalListTier3-6"
"140","Wild Boar","3","Mammal, Wild, Omnivore","","Pig","Mammal, Tasty, Farm, Special","Bull","Mammal, Farm, Special, Herbivore, Strong","Pig + Bull","Altar only","True","False","False","Template:AnimalListTier3-6"
"141","Tarantula","3","Wild, Small","","Spider","Insect, Small, Arboreal","Gorilla","Mammal, Primate, Wild, Omnivore, Arboreal, Strong","Spider + Gorilla","Altar only","True","False","False","Template:AnimalListTier3-6"
"142","Mongoose","3","Mammal, Omnivore","","Squirrel","Mammal, Arboreal","Tiger","Mammal, Cat, Big Cat, Special, Wild, Carnivore","Squirrel + Tiger","Altar only","True","False","False","Template:AnimalListTier3-6"
"143","Opossum","3","Mammal, Wild, Small, Omnivore","","Koala","Mammal, Wild, Omnivore","Squirrel","Mammal, Arboreal","Koala + Squirrel","Altar only","True","False","False","Template:AnimalListTier3-6"
"144","Pygmy Hippo","3","Mammal, Wild, Herbivore","","Hippopotamus","Mammal, Wild, Herbivore, Strong","Pig","Mammal, Tasty, Farm, Special","Hippopotamus + Pig","Altar only","True","False","False","Template:AnimalListTier3-6"
"145","Python","3","Reptile","","Snake","Reptile","Elephant","Mammal, Wild, Herbivore, Strong","Snake + Elephant","Altar only","True","False","False","Template:AnimalListTier3-6"
"146","Scape Goat","3","Secret, Pet, Farm","","Wolf","Mammal, Special, Wild, Carnivore, Snow","Raccoon","Mammal, Omnivore","Wolf + Raccoon","Altar only","True","True","False","Template:AnimalListTier3-6"
"147","Sacred Cow","3","Secret, Farm","","Elephant","Mammal, Wild, Herbivore, Strong","Donkey","Mammal, Farm, Herbivore, Strong","Elephant + Donkey","Altar only","True","True","False","Template:AnimalListTier3-6"
"148","Cold Turkey","3","Secret, Bird","","Turkey","Bird, Farm, Tasty","Arctic Fox","Mammal, Wild, Carnivore, Special, Snow","Turkey + Arctic Fox","Altar only","True","True","False","Template:AnimalListTier3-6"
"149","Sausage Dog","3","Secret, Tasty","","Corgi","Mammal, Dog, Pet, Special","Giraffe","Mammal, Wild, Herbivore, Fast","Corgi + Giraffe","Altar only","True","True","False","Template:AnimalListTier3-6"
"150","Chamrosh","3","Mythical","","Belgian Shepherd","Mammal, Dog, Farm, Pet","Eagle","Bird, Special, Fast","Belgian Shepherd + Eagle","Altar only","True","False","True","Template:AnimalListTier3-6"
"151","Bicorn","3","Mythical","","Cow","Mammal, Tasty, Farm, Special, Herbivore, Strong","Panther","Mammal, Cat, Big Cat, Wild, Carnivore, Arboreal","Cow + Panther","Altar only","True","False","True","Template:AnimalListTier3-6"
"152","Sha","3","Mythical","","Wolf","Mammal, Special, Wild, Carnivore, Snow","Crocodile","Reptile, Wild, Carnivore","Wolf + Crocodile","Altar only","True","False","True","Template:AnimalListTier3-6"
"153","Capricornus","3","Mythical","","Goat","Mammal, Farm, Tasty, Herbivore","French Angelfish","Aquatic, Special, Small","Goat + French Angelfish","Altar only","True","False","True","Template:AnimalListTier3-6"
"154","Ratatoskr","3","Mythical","","Narwhal","Aquatic","Squirrel","Mammal, Arboreal","Narwhal + Squirrel","Altar only","True","False","True","Template:AnimalListTier3-6"
"155","Afanc","3","Mythical","","Crocodile","Reptile, Wild, Carnivore","Eurasian Beaver","Mammal, Aquatic, Special","Crocodile + Eurasian Beaver","Altar only","True","False","True","Template:AnimalListTier3-6"
"156","Dolphin","3","Mammal, Aquatic, Wild, Carnivore","","Orca","Mammal, Aquatic, Wild, Snow, Carnivore","Sea Lion","Mammal, Aquatic","Orca + Sea Lion","Altar only","True","False","False","Template:AnimalListTier3-6"
"157","Electric Eel","4","Aquatic, Carnivore","","Snake","Reptile","Stingray","Aquatic, Carnivore","Snake + Stingray","Altar only","True","False","False","Template:AnimalListTier3-6"
"158","Stingray","4","Aquatic, Carnivore","","Trout","Aquatic, Special, Small","Scorpion","Small, Wild, Carnivore","Trout + Scorpion","Altar only","True","False","False","Template:AnimalListTier3-6"
"159","Scorpion","4","Small, Wild, Carnivore","","Spider","Insect, Small, Arboreal","Pangolin","Mammal, Wild","Spider + Pangolin","Altar only","True","False","False","Template:AnimalListTier3-6"
"160","Toad","4","Reptile, Small","","Chameleon","Reptile, Arboreal","Snakehead Fish","Aquatic, Carnivore","Chameleon + Snakehead Fish","Altar only","True","False","False","Template:AnimalListTier3-6"
"161","Albatross","4","Bird, Wild, Fast","","Eagle","Bird, Special, Fast","Buffalo","Mammal, Farm, Herbivore, Strong","Eagle + Buffalo","Altar only","True","False","False","Template:AnimalListTier3-6"
"162","Giant Anteater","4","Mammal, Wild","","Mole","Small, Wild","Elephant","Mammal, Wild, Herbivore, Strong","Mole + Elephant","Altar only","True","False","False","Template:AnimalListTier3-6"
"163","Kangaroo","4","Mammal, Wild, Herbivore","","Squirrel","Mammal, Arboreal","Ostrich","Bird, Wild","Squirrel + Ostrich","Altar only","True","False","False","Template:AnimalListTier3-6"
"164","Sailfish","4","Aquatic, Carnivore","","Snakehead Fish","Aquatic, Carnivore","Narwhal","Aquatic","Snakehead Fish + Narwhal","Altar only","True","False","False","Template:AnimalListTier3-6"
"165","Piranha","4","Aquatic, Carnivore, Fast, Small","","Carp","Aquatic, Small","Hyena","Mammal, Wild, Carnivore, Scavenger","Carp + Hyena","Altar only","True","False","False","Template:AnimalListTier3-6"
"166","Vulture","4","Bird, Fast","","Turkey","Bird, Farm, Tasty","Piranha","Aquatic, Carnivore, Fast, Small","Turkey + Piranha","Altar only","True","False","False","Template:AnimalListTier3-6"
"167","Manatee","4","Mammal, Aquatic, Wild, Herbivore","","Cow","Mammal, Tasty, Farm, Special, Herbivore, Strong","Dolphin","Mammal, Aquatic, Wild, Carnivore","Cow + Dolphin","Altar only","True","False","False","Template:AnimalListTier3-6"
"168","Wooly Rhinoceros","4","Extinct, Mammal, Wild, Herbivore, Strong, Snow","","Wooly Mammoth","Extinct, Secret","Rhinoceros","Mammal, Wild, Herbivore, Strong","Wooly Mammoth + Rhinoceros","Altar only","True","False","False","Template:AnimalListTier3-6"
"169","Beringian Wolf","4","Extinct, Wild, Mammal, Snow","","Direwolf","Carnivore, Extinct, Secret, Snow","Arctic Fox","Mammal, Wild, Carnivore, Special, Snow","Direwolf + Arctic Fox","Altar only","True","False","False","Template:AnimalListTier3-6"
"170","Monitor Lizard","4","Reptile","","Gecko","Reptile, Arboreal","Crocodile","Reptile, Wild, Carnivore","Gecko + Crocodile","Altar only","True","False","False","Template:AnimalListTier3-6"
"171","Armadillo","4","Mammal, Small, Wild, Omnivore","","Pangolin","Mammal, Wild","Snail","Mollusc, Small","Pangolin + Snail","Altar only","True","False","False","Template:AnimalListTier3-6"
"172","Gazelle","4","Mammal, Wild, Fast, Herbivore","","Stag","Mammal, Special, Herbivore, Wild","Ostrich","Bird, Wild","Stag + Ostrich","Altar only","True","False","False","Template:AnimalListTier3-6"
"173","Clownfish","4","Aquatic, Small","","Carp","Aquatic, Small","Zebra","Mammal, Special, Herbivore, Wild, Fast, Strong","Carp + Zebra","Altar only","True","False","False","Template:AnimalListTier3-6"
"174","Alligator","4","Reptile, Wild, Carnivore","","Crocodile","Reptile, Wild, Carnivore","Wild Boar","Mammal, Wild, Omnivore","Crocodile + Wild Boar","Altar only","True","False","False","Template:AnimalListTier3-6"
"175","Pygmy Marmoset","4","Mammal, Small, Arboreal","","Spider Monkey","Mammal, Primate, Wild, Omnivore, Arboreal","Squirrel","Mammal, Arboreal","Spider Monkey + Squirrel","Altar only","True","False","False","Template:AnimalListTier3-6"
"176","Pygmy Possum","4","Mammal, Small, Omnivore","","Opossum","Mammal, Wild, Small, Omnivore","Mouse","Mammal, Pet, Small","Opossum + Mouse","Altar only","True","False","False","Template:AnimalListTier3-6"
"177","Seahorse","4","Aquatic, Small, Fast","","Horse","Mammal, Farm, Special, Herbivore, Pet, Fast, Strong","Snakehead Fish","Aquatic, Carnivore","Horse + Snakehead Fish","Altar only","True","False","False","Template:AnimalListTier3-6"
"178","Humboldt Squid","4","Mollusc, Aquatic","","Octopus","Mollusc, Aquatic, Special","Sperm Whale","Mammal, Aquatic, Wild","Octopus + Sperm Whale","Altar only","True","False","False","Template:AnimalListTier3-6"
"179","Drunken Monkey","4","Secret, Primate","","Moose","Mammal, Wild, Herbivore, Snow","Spider Monkey","Mammal, Primate, Wild, Omnivore, Arboreal","Moose + Spider Monkey","Altar only","True","True","False","Template:AnimalListTier3-6"
"180","Encantado","4","Mythical","","Dolphin","Mammal, Aquatic, Wild, Carnivore","Chameleon","Reptile, Arboreal","Dolphin + Chameleon","Altar only","True","False","True","Template:AnimalListTier3-6"
"181","Myrmecoleon","4","Mythical","","Ant","Insect, Small","Lion","Mammal, Cat, Big Cat, Special, Wild, Carnivore, Fast","Ant + Lion","Altar only","True","False","True","Template:AnimalListTier3-6"
"182","Feng Huang","4","Mythical","","Hydra","Mythical, Secret","Peacock","Bird, Wild, Fast","Hydra + Peacock","Altar only","True","False","True","Template:AnimalListTier3-6"
"183","Shug Monkey","4","Mythical","","Belgian Shepherd","Mammal, Dog, Farm, Pet","Spider Monkey","Mammal, Primate, Wild, Omnivore, Arboreal","Belgian Shepherd + Spider Monkey","Altar only","True","False","True","Template:AnimalListTier3-6"
"184","Buraq","4","Mythical","","Pegasus","Mythical, Secret","Sphinx","Mythical, Secret","Pegasus + Sphinx","Altar only","True","False","True","Template:AnimalListTier3-6"
"185","Hippocamp","4","Mythical","","Black Mare","Mammal, Special, Herbivore, Fast, Strong","Seahorse","Aquatic, Small, Fast","Black Mare + Seahorse","Altar only","True","False","True","Template:AnimalListTier3-6"
"186","Mishipeshu","4","Mythical","","Panther","Mammal, Cat, Big Cat, Wild, Carnivore, Arboreal","Porcupine","Mammal, Wild, Herbivore","Panther + Porcupine","Altar only","True","False","True","Template:AnimalListTier3-6"
"187","Shachihoko","4","Mythical","","Carp","Aquatic, Small","Tiger","Mammal, Cat, Big Cat, Special, Wild, Carnivore","Carp + Tiger","Altar only","True","False","True","Template:AnimalListTier3-6"
"188","Bunyip","4","Mythical","","Sea Lion","Mammal, Aquatic","Sausage Dog","Secret, Tasty","Sea Lion + Sausage Dog","Altar only","True","False","True","Template:AnimalListTier3-6"
"189","Shen","4","Mythical","","Snail","Mollusc, Small","Dragon","Reptile, Mythical, Special, Carnivore","Snail + Dragon","Altar only","True","False","True","Template:AnimalListTier3-6"
"190","Taweret","4","Mythical","","Hippopotamus","Mammal, Wild, Herbivore, Strong","Afanc","Mythical","Hippopotamus + Afanc","Altar only","True","False","True","Template:AnimalListTier3-6"
"191","Kobalt Kong","4","Mythical","","Yeti","Mythical, Secret","Blue Whale","Mammal, Aquatic, Wild, Snow, Special","Yeti + Blue Whale","Altar only","True","False","True","Template:AnimalListTier3-6"
"192","Xuan Wu","4","Mythical","","Tortoise","Reptile, Pet, Small, Herbivore","Rattlesnake","Reptile","Tortoise + Rattlesnake","Altar only","True","False","True","Template:AnimalListTier3-6"
"193","Taniwha","4","Mythical","","Beluga Whale","Mammal, Aquatic, Wild, Snow, Special","Gecko","Reptile, Arboreal","Beluga Whale + Gecko","Altar only","True","False","True","Template:AnimalListTier3-6"
"194","Wyvern","4","Mythical","","Sha","Mythical","Dragon","Reptile, Mythical, Special, Carnivore","Sha + Dragon","Altar only","True","False","True","Template:AnimalListTier3-6"
"195","Manta Ray","5","?","","Panda","Mammal, Wild, Strong","Stingray","Aquatic, Carnivore","Panda + Stingray","Altar only","True","False","False","Template:AnimalListTier3-6"
"196","Praying Mantis","5","Insect, Small, Carnivore","","Spider","Insect, Small, Arboreal","Scorpion","Small, Wild, Carnivore","Spider + Scorpion","Altar only","True","False","False","Template:AnimalListTier3-6"
"197","Crab","5","?","","Scorpion","Small, Wild, Carnivore","Tortoise","Reptile, Pet, Small, Herbivore","Scorpion + Tortoise","Altar only","True","False","False","Template:AnimalListTier3-6"
"198","Honey Bee","5","Insect, Small, Fast","","Scorpion","Small, Wild, Carnivore","Parrot","Bird, Pet, Arboreal","Scorpion + Parrot","Altar only","True","False","False","Template:AnimalListTier3-6"
"199","Swallow","5","Bird, Small, Wild","","Pigeon","Bird, Small","Ant","Insect, Small","Pigeon + Ant","Altar only","True","False","False","Template:AnimalListTier3-6"
"200","Halibut","5","Aquatic, Small","","Stingray","Aquatic, Carnivore","Mole","Small, Wild","Stingray + Mole","Altar only","True","False","False","Template:AnimalListTier3-6"
"201","Lionfish","5","?","","Carp","Aquatic, Small","Stingray","Aquatic, Carnivore","Carp + Stingray","Altar only","True","False","False","Template:AnimalListTier3-6"
"202","Komodo Dragon","5","Reptile","","Monitor Lizard","Reptile","Rattlesnake","Reptile","Monitor Lizard + Rattlesnake","Altar only","True","False","False","Template:AnimalListTier3-6"
"203","Giant Centipede","5","?","","Ant","Insect, Small","Scorpion","Small, Wild, Carnivore","Ant + Scorpion","Altar only","True","False","False","Template:AnimalListTier3-6"
"204","Bluefin Tuna","5","Aquatic, Tasty","","Sailfish","Aquatic, Carnivore","Cow","Mammal, Tasty, Farm, Special, Herbivore, Strong","Sailfish + Cow","Altar only","True","False","False","Template:AnimalListTier3-6"
"205","Sunfish","5","Aquatic","","Sailfish","Aquatic, Carnivore","Golden Goose","Bird, Special, Small","Sailfish + Golden Goose","Altar only","True","False","False","Template:AnimalListTier3-6"
"206","Skunk","5","Mammal, Small, Wild","","Raccoon","Mammal, Omnivore","Humboldt Squid","Mollusc, Aquatic","Raccoon + Humboldt Squid","Altar only","True","False","False","Template:AnimalListTier3-6"
"207","Anglerfish","5","Aquatic, Carnivore","","Humboldt Squid","Mollusc, Aquatic","Carp","Aquatic, Small","Humboldt Squid + Carp","Altar only","True","False","False","Template:AnimalListTier3-6"
"208","Titanoboa","5","?","","Beringian Wolf","Extinct, Wild, Mammal, Snow","Python","Reptile","Beringian Wolf + Python","Altar only","True","False","False","Template:AnimalListTier3-6"
"209","Pizza Rat","5","Secret, Small","","Alligator","Reptile, Wild, Carnivore","Pigeon","Bird, Small","Alligator + Pigeon","Altar only","True","True","False","Template:AnimalListTier3-6"
"210","Black Sheep","5","Secret, Farm","","Pug","Mammal, Dog, Pet, Special","Pygmy Possum","Mammal, Small, Omnivore","Pug + Pygmy Possum","Altar only","True","True","False","Template:AnimalListTier3-6"
"211","Kirin","5","Mythical","","Bicorn","Mythical","Wyvern","Mythical","Bicorn + Wyvern","Altar only","True","False","True","Template:AnimalListTier3-6"
"212","Peryton","5","Mythical","","Stag","Mammal, Special, Herbivore, Wild","Albatross","Bird, Wild, Fast","Stag + Albatross","Altar only","True","False","True","Template:AnimalListTier3-6"
"213","Kelpie","5","Mythical","","Hippocamp","Mythical","Sphinx","Mythical, Secret","Hippocamp + Sphinx","Altar only","True","False","True","Template:AnimalListTier3-6"
"214","Aqrabuamelu","5","Mythical","","Chimpanzee","Mammal, Primate, Wild, Omnivore, Arboreal","Scorpion","Small, Wild, Carnivore","Chimpanzee + Scorpion","Altar only","True","False","True","Template:AnimalListTier3-6"
"215","Cockatrice","5","Mythical","","Feng Huang","Mythical","Bat","Mammal, Special, Small","Feng Huang + Bat","Altar only","True","False","True","Template:AnimalListTier3-6"
"216","Tengu","5","Mythical","","Chamrosh","Mythical","Buraq","Mythical","Chamrosh + Buraq","Altar only","True","False","True","Template:AnimalListTier3-6"
"217","Uchchaihshravas","5","?","","Buraq","Mythical","Hydra","Mythical, Secret","Buraq + Hydra","Altar only","True","False","False","Template:AnimalListTier3-6"
"218","Manticore","5","Mythical","","Sphinx","Mythical, Secret","Scorpion","Small, Wild, Carnivore","Sphinx + Scorpion","Altar only","True","False","True","Template:AnimalListTier3-6"
"219","Ramidreju","5","Mythical","","Weasel","Mammal, Wild, Arboreal, Fast","Rattlesnake","Reptile","Weasel + Rattlesnake","Altar only","True","False","True","Template:AnimalListTier3-6"
"220","Baku","5","Mythical","","Taweret","Mythical","Elephant","Mammal, Wild, Herbivore, Strong","Taweret + Elephant","Altar only","True","False","True","Template:AnimalListTier3-6"
"221","Cipactli","5","?","","Toad","Reptile, Small","Afanc","Mythical","Toad + Afanc","Altar only","True","False","False","Template:AnimalListTier3-6"
"222","Peluda","5","Mythical","","Mishipeshu","Mythical","Rattlesnake","Reptile","Mishipeshu + Rattlesnake","Altar only","True","False","True","Template:AnimalListTier3-6"
"223","Pelican","6","Bird, Wild","","Albatross","Bird, Wild, Fast","Kangaroo","Mammal, Wild, Herbivore","Albatross + Kangaroo","Altar only","True","False","False","Template:AnimalListTier3-6"
"224","Hammerhead Shark","6","Aquatic, Carnivore, Fast","","Snakehead Fish","Aquatic, Carnivore","Praying Mantis","Insect, Small, Carnivore","Snakehead Fish + Praying Mantis","Altar only","True","False","False","Template:AnimalListTier3-6"
"225","Great White Shark","6","Aquatic, Carnivore, Fast","","Hammerhead Shark","Aquatic, Carnivore, Fast","Polar Bear","Mammal, Bear, Wild, Carnivore, Snow","Hammerhead Shark + Polar Bear","Altar only","True","False","False","Template:AnimalListTier3-6"
"226","Tiger Shark","6","?","","Hammerhead Shark","Aquatic, Carnivore, Fast","Tiger","Mammal, Cat, Big Cat, Special, Wild, Carnivore","Hammerhead Shark + Tiger","Altar only","True","False","False","Template:AnimalListTier3-6"
"227","Hummingbird","6","Bird, Small, Fast","","Honey Bee","Insect, Small, Fast","Swallow","Bird, Small, Wild","Honey Bee + Swallow","Altar only","True","False","False","Template:AnimalListTier3-6"
"228","Scarab","6","?","","Crab","?","Honey Bee","Insect, Small, Fast","Crab + Honey Bee","Altar only","True","False","False","Template:AnimalListTier3-6"
"229","Butterfly","6","?","","Honey Bee","Insect, Small, Fast","Peacock","Bird, Wild, Fast","Honey Bee + Peacock","Altar only","True","False","False","Template:AnimalListTier3-6"
"230","Megalodon","6","Extinct, Aquatic, Carnivore, Fast","","Great White Shark","Aquatic, Carnivore, Fast","Sabertooth","Carnivore, Extinct, Secret","Great White Shark + Sabertooth","Altar only","True","False","False","Template:AnimalListTier3-6"
"231","Ladybird","6","?","","Lovebird","Bird, Small, Special, Arboreal, Fast","Scarab","?","Lovebird + Scarab","Altar only","True","False","False","Template:AnimalListTier3-6"
"232","Stag Beetle","6","?","","Scarab","?","Stag","Mammal, Special, Herbivore, Wild","Scarab + Stag","Altar only","True","False","False","Template:AnimalListTier3-6"
"233","Field Grasshopper","6","?","","Kangaroo","Mammal, Wild, Herbivore","Praying Mantis","Insect, Small, Carnivore","Kangaroo + Praying Mantis","Altar only","True","False","False","Template:AnimalListTier3-6"
"234","Wasp","6","?","","Honey Bee","Insect, Small, Fast","Scorpion","Small, Wild, Carnivore","Honey Bee + Scorpion","Altar only","True","False","False","Template:AnimalListTier3-6"
"235","King Cobra","6","Reptile","","Rattlesnake","Reptile","Humboldt Squid","Mollusc, Aquatic","Rattlesnake + Humboldt Squid","Altar only","True","False","False","Template:AnimalListTier3-6"
"236","Basking Shark","6","?","","Great White Shark","Aquatic, Carnivore, Fast","Hippopotamus","Mammal, Wild, Herbivore, Strong","Great White Shark + Hippopotamus","Altar only","True","False","False","Template:AnimalListTier3-6"
"237","Whale Shark","6","?","","Basking Shark","?","Blue Whale","Mammal, Aquatic, Wild, Snow, Special","Basking Shark + Blue Whale","Altar only","True","False","False","Template:AnimalListTier3-6"
"238","Pygmy Owl","6","Bird, Small","","Owl","Bird, Small, Arboreal, Snow","Hummingbird","Bird, Small, Fast","Owl + Hummingbird","Altar only","True","False","False","Template:AnimalListTier3-6"
"239","Policy Hawk","6","Secret, Bird","","Tengu","Mythical","Wild Boar","Mammal, Wild, Omnivore","Tengu + Wild Boar","Altar only","True","True","False","Template:AnimalListTier3-6"
"240","Program Bug","6","?","","Mouse","Mammal, Pet, Small","Stag Beetle","?","Mouse + Stag Beetle","Altar only","True","False","False","Template:AnimalListTier3-6"
"241","One Trick Pony","6","Secret, Herbivore","","Buraq","Mythical","Loch Ness Monster","Mythical, Secret","Buraq + Loch Ness Monster","Altar only","True","True","False","Template:AnimalListTier3-6"
"242","Social Butterfly","6","?","","Butterfly","?","Golden Retriever","Mammal, Dog, Farm, Pet, Special","Butterfly + Golden Retriever","Altar only","True","False","False","Template:AnimalListTier3-6"
"243","Top Dawg","6","Secret, Wild","","Pug","Mammal, Dog, Pet, Special","Ushi Oni","Mythical","Pug + Ushi Oni","Altar only","True","True","False","Template:AnimalListTier3-6"
"244","Bleached Hyena","6","?","","Anansi","Mythical","Hyena","Mammal, Wild, Carnivore, Scavenger","Anansi + Hyena","Altar only","True","False","False","Template:AnimalListTier3-6"
"245","Cerynitis","6","Mythical","","Peryton","Mythical","Golden Goose","Bird, Special, Small","Peryton + Golden Goose","Altar only","True","False","True","Template:AnimalListTier3-6"
"246","Tsuchigumo","6","Mythical","","Anansi","Mythical","Shachihoko","Mythical","Anansi + Shachihoko","Altar only","True","False","True","Template:AnimalListTier3-6"
"247","Anansi","6","Mythical","","Black Spider","Insect, Small, Special, Arboreal","Aqrabuamelu","Mythical","Black Spider + Aqrabuamelu","Altar only","True","False","True","Template:AnimalListTier3-6"
"248","Simurgh","6","Mythical","","Cockatrice","Mythical","Chamrosh","Mythical","Cockatrice + Chamrosh","Altar only","True","False","True","Template:AnimalListTier3-6"
"249","Kutabe","6","Mythical","","Ratatoskr","Mythical","Ushi Oni","Mythical","Ratatoskr + Ushi Oni","Altar only","True","False","True","Template:AnimalListTier3-6"
"250","Ushi Oni","6","Mythical","","Bicorn","Mythical","Tsuchigumo","Mythical","Bicorn + Tsuchigumo","Altar only","True","False","True","Template:AnimalListTier3-6"
"251","Adlet","6","Mythical","","Shug Monkey","Mythical","Bunyip","Mythical","Shug Monkey + Bunyip","Altar only","True","False","True","Template:AnimalListTier3-6"
"252","Kraken","6","Mythical","","Shen","Mythical","Lusca","Mythical","Shen + Lusca","Altar only","True","False","True","Template:AnimalListTier3-6"
"253","Lusca","6","Mythical","","Megalodon","Extinct, Aquatic, Carnivore, Fast","Octopus","Mollusc, Aquatic, Special","Megalodon + Octopus","Altar only","True","False","True","Template:AnimalListTier3-6"
"254","Raiju","6","Mythical","","Electric Eel","Aquatic, Carnivore","Ramidreju","Mythical","Electric Eel + Ramidreju","Altar only","True","False","True","Template:AnimalListTier3-6"
"255","Behemoth","6","Mythical","","Baku","Mythical","Kutabe","Mythical","Baku + Kutabe","Altar only","True","False","True","Template:AnimalListTier3-6"
"256","Quetzalcoatl","6","Mythical","","Cockatrice","Mythical","Peacock","Bird, Wild, Fast","Cockatrice + Peacock","Altar only","True","False","True","Template:AnimalListTier3-6"
"257","Tarasque","6","Mythical","","Kirin","Mythical","Manticore","Mythical","Kirin + Manticore","Altar only","True","False","True","Template:AnimalListTier3-6"
